timestamp,session_id,cognitive,rl_selected,rl_phase,user_message,reply,followup_question
2026-04-14T22:13:23.145561,user-2,1PAR,False,seeding,sekarang jelaskan saya mengenai jenis jenis algoritma,"Algoritma adalah serangkaian langkah yang sistematis untuk memecahkan masalah atau melakukan suatu tugas. Dalam dunia komputer, ada beberapa jenis algoritma yang sering digunakan, yang dapat dibedakan berdasarkan tujuan dan teknik yang diterapkan. Berikut adalah penjelasan singkat mengenai beberapa jenis algoritma yang umum:

1. **Algoritma Pencarian:** 
   Algoritma ini digunakan untuk menemukan elemen tertentu dalam struktur data. Contohnya, algoritma pencarian linear (linear search) yang memeriksa setiap elemen satu per satu. Kelebihannya adalah kemampuannya menangani data yang tidak terurut, namun kekurangannya adalah dalam hal kecepatan, yang membutuhkan kompleksitas waktu \(O(n)\), di mana \(n\) adalah jumlah elemen. Sebagai contoh dalam konteks Indonesia, bila kita mencari nama seorang teman dalam daftar absen yang tidak terurut, kita akan menggunakan metode ini.

2. **Algoritma Pengurutan:**
   Algoritma ini digunakan untuk mengatur data dalam urutan tertentu, baik secara menaik maupun menurun. Metode seperti bubble sort dan quicksort sering digunakan. Bubble sort membandingkan pasangan elemen dan menukarnya jika perlu, sedangkan quicksort membagi data menjadi dua bagian yang lebih kecil dan secara rekursif mengurutkan bagian tersebut. Dalam konteks yang lebih dekat, kita bisa menggambarkan cara mengurutkan rating restoran di aplikasi makanan online.

3. **Algoritma Greedy:**
   Algoritma ini digunakan untuk menemukan solusi optimal dengan membuat pilihan terbaik lokal pada setiap langkah. Contohnya dalam pemecahan masalah pengambilan koin, di mana kita memilih koin dengan nilai terbesar terlebih dahulu hingga jumlah yang diinginkan tercapai. Dalam kehidupan sehari-hari, contohnya jika kita sedang berbelanja dan ingin memanfaatkan diskon, kita akan memilih barang yang memberikan potongan harga terbesar terlebih dahulu untuk memaksimalkan penghematan. 

Masing-masing algoritma ini memiliki karakteristik dan situasi penggunaannya sendiri, sehingga pemilihannya sangat bergantung pada problem yang ingin dipecahkan.","""Sebuah list berisi [23, 45, 12, 78, 34] dan kamu diminta untuk mencari angka 12 menggunakan algoritma pencarian linear. Berapa jumlah langkah yang diperlukan untuk menemukan angka tersebut?"""
2026-04-14T22:18:05.930735,user-2,2PAR,False,seeding,lanjut,"Tentu, mari kita bahas lebih dalam mengenai beberapa algoritma dalam konteks yang lebih aplikatif dan konsep kognitif yang relevan.

1. **Algoritma Sorting (Pengurutan)**: Salah satu contoh yang cukup mencolok dalam kehidupan sehari-hari adalah ketika kita ingin mengurutkan daftar barang belanjaan berdasarkan harga. Misalnya, jika kita memiliki daftar harga sebagai berikut: 50.000, 20.000, 30.000. Kita bisa menggunakan metode bubble sort untuk membandingkan elemen berdekatan dan menukar posisinya hingga urut, sehingga daftar harga tersebut menjadi 20.000, 30.000, 50.000. Dalam perhitungan waktu, bubble sort memiliki kompleksitas waktu O(n²), sehingga tidak selalu efisien untuk data besar.

2. **Algoritma Greedy**: Dalam situasi belanja, kita sering dihadapkan pada pilihan untuk mendapatkan diskon terbesar. Misalnya, kita memiliki pilihan barang dengan diskon berbeda: barang A dengan diskon 30%, barang B dengan diskon 50%, dan barang C dengan diskon 20%. Dengan menggunakan pendekatan greedy, kita akan memilih barang B terlebih dahulu karena memberikan potongan terbesar, untuk memaksimalkan penghematan. Hal ini menunjukkan bahwa algoritma greedy bertujuan untuk membuat pilihan terbaik di setiap langkah tanpa melihat konsekuensi ke depan.

3. **Rekursi dan Iterasi**: Misalnya, ketika kita menghitung faktorial dari suatu angka \( n \) (ditulis sebagai \( n! \)), kita bisa menggunakan rekursi, di mana \( n! = n \times (n-1)! \) hingga \( n = 1 \). Di sini, permasalahan dipecah menjadi sub-masalah yang lebih kecil. Namun, kita perlu memastikan base case-nya benar, misalnya \( 1! = 1 \), agar tidak terjadi kesalahan seperti stack overflow. Alternatifnya, kita dapat menggunakan iterasi dengan loop yang lebih efisien dalam penggunaan memori.

Dengan memahami ketiga konsep ini, mahasiswa dapat lebih mudah menganalisis dan mengaplikasikan algoritma yang sesuai dalam konteks sehari-hari, khususnya dalam aplikasi yang relevan dengan kehidupan di Indonesia.","Sebuah daftar harga produk elektronik adalah [2.500.000, 1.750.000, 3.000.000, 2.000.000] dan kamu diminta untuk mengurutkannya menggunakan metode Selection Sort. Apa elemen yang akan menjadi posisi pertama setelah iterasi pertama, dan bagaimana proses pemilihannya?"
2026-04-14T22:24:38.407203,user-2,3PAR,False,seeding,lanjut lagi,"Mari kita teruskan dengan membahas algoritma lain yang relevan dalam konteks pemrograman, yaitu **Sorting Algorithms**. Mengurutkan data adalah langkah penting dalam banyak aplikasi, dan ada berbagai metode yang dapat digunakan untuk melakukannya.

1. **Pengertian Pengurutan**: Pengurutan adalah proses merapikan data dalam urutan tertentu, baik dalam urutan menaik maupun menurun. Contohnya, kita bisa mengambil daftar harga sayuran di pasar yang tidak terurut, seperti \( \{2000, 1500, 3000\} \), dan mengurutkannya menjadi \( \{1500, 2000, 3000\} \). Metode pengurutan yang umum digunakan antara lain Bubble Sort, Selection Sort, dan Quick Sort, masing-masing dengan kelebihan dan kelemahannya.

2. **Selection Sort**: Metode ini bekerja dengan cara memilih elemen terkecil dari daftar yang belum terurut dan menukarnya dengan elemen pertama. Proses ini diulang untuk bagian daftar yang tersisa. Misalnya, jika kita memiliki daftar \( \{29, 10, 14, 37, 13\} \), Selection Sort akan memilih \( 10 \) sebagai yang terkecil, menukarnya dengan \( 29 \), dan melanjutkan hingga daftar terurut. Kelemahan dari Selection Sort adalah efisiensi waktu yang rendah, terutama untuk daftar yang besar, karena memiliki kompleksitas waktu \( O(n^2) \).

3. **Quick Sort**: Quick Sort adalah metode yang lebih efisien dan sering digunakan, terutama untuk data yang besar. Metode ini memilih elemen pivot dari daftar dan membagi data ke dalam dua sub-daftar; satu yang lebih kecil dan satu yang lebih besar dari pivot. Proses ini diulang pada sub-daftar hingga seluruh daftar terurut. Misalnya, jika pivot kita adalah \( 14 \) dari daftar \( \{29, 10, 14, 37, 13\} \), kita akan membagi menjadi \( \{10, 13\} \) dan \( \{29, 37\} \). Dengan rata-rata kompleksitas waktu \( O(n \log n) \), Quick Sort lebih efisien dibandingkan Selection Sort untuk dataset besar.

Dengan pemahaman ini, Anda dapat menganalisis situasi di mana pengurutan diperlukan dan memilih algoritma pengurutan yang paling tepat berdasarkan karakteristik data yang Anda hadapi.","Sebuah daftar nilai siswa yang tidak terurut yaitu \([85, 77, 93, 88, 72]\) perlu diurutkan menggunakan metode Quick Sort. Sebutkan pivot yang akan dipilih untuk partitioning pada iterasi pertama dan jelaskan alasan pemilihan tersebut?"
